first name,last name,date of birth,country
Sophia,Anderson,27.03.1987,Germany
Michael,Johnson,17.08.1999,USA
Isabella,Smith,10.02.1985,Canada
Matthew,White,03.10.1976,Brazil
Ava,Harris,21.11.2001,India
Daniel,Taylor,12.07.1968,France
Emma,Brown,04.05.1974,UK
David,Jackson,29.09.1982,China
Olivia,Thomas,18.01.1990,Japan
Sophia,Anderson,19.08.1997,Germany
Olivia,Taylor,25.06.1973,India
John,Brown,05.04.2003,USA
Michael,Johnson,30.12.1978,Canada
Sophia,Anderson,11.11.1994,France
Sophia,Smith,14.10.1983,UK
Sophia,Anderson,07.03.1991,Brazil
Emma,Taylor,20.07.1986,USA
Michael,Thomas,28.02.1972,Canada
Sophia,Johnson,02.09.1960,Germany
Sophia,Harris,23.07.1995,Japan
Michael,Smith,09.05.2002,China
Matthew,Johnson,22.08.1977,France
Sophia,Anderson,15.04.1989,UK
Sophia,Smith,06.03.1963,Germany
John,White,08.01.1981,India
David,Taylor,16.06.1992,USA
Sophia,Johnson,26.05.1979,Canada
Matthew,Smith,01.12.1975,Japan
Emma,Anderson,13.09.1984,China
Sophia,Harris,24.10.2000,France
Isabella,Thomas,03.07.1996,UK
John,Johnson,28.03.1980,Brazil
David,Anderson,17.11.1969,USA
Emma,Taylor,12.04.1971,Canada
Sophia,Harris,09.02.1993,Germany
Michael,Brown,10.08.1965,Japan
Isabella,Thomas,01.09.1999,India
Sophia,Anderson,24.06.1970,USA
Matthew,Johnson,05.03.1982,France
Sophia,Anderson,29.01.1990,Brazil
Emma,Smith,18.05.1974,Germany
David,Taylor,21.07.1981,UK
Michael,Johnson,02.10.1986,Canada
Isabella,White,03.12.1995,China
Sophia,Anderson,14.04.2002,Japan
Sophia,Harris,27.08.1978,Brazil
David,Brown,28.09.1977,India
Emma,Taylor,11.11.1976,USA
Sophia,Harris,20.05.1983,Canada
John,Anderson,01.01.1974,Germany
Sophia,Johnson,08.07.1966,UK
Sophia,Smith,19.12.1988,France
Emma,Taylor,10.09.1992,Brazil
Isabella,Thomas,27.08.1998,USA
Sophia,Harris,12.06.1980,Canada
Matthew,Johnson,23.10.1984,Germany
Isabella,Taylor,30.04.1991,India
Sophia,Anderson,07.03.1975,USA
Sophia,White,21.05.2000,Japan
Isabella,Johnson,15.01.1967,China
Sophia,Anderson,09.09.1977,France
Michael,Brown,18.07.1987,UK
Sophia,Johnson,25.12.1971,Brazil
Sophia,Smith,06.04.1976,India
Emma,Taylor,13.08.1990,USA
Sophia,Harris,22.06.1968,Canada
John,Anderson,07.10.1982,Germany
Sophia,Johnson,14.11.2001,Japan
Sophia,Smith,17.03.1972,China
Emma,White,02.09.1970,France
Sophia,Anderson,25.05.1994,UK
Michael,Johnson,10.07.1985,Brazil
Sophia,Taylor,15.02.1979,India
Sophia,Harris,08.04.1973,USA
Isabella,Thomas,11.08.1969,Canada
Sophia,Anderson,20.12.1981,Germany
Sophia,Johnson,19.06.2002,Japan
Sophia,Smith,24.03.1977,China
Isabella,Anderson,05.09.1988,France
Sophia,Taylor,16.01.1971,UK
Sophia,Harris,30.11.1996,Brazil
Emma,Johnson,27.04.1965,India
Sophia,Anderson,01.10.1984,USA
Emma,Smith,28.02.1978,Canada
John,Taylor,22.08.1993,Germany
Sophia,Harris,13.05.1989,Japan
Sophia,Johnson,02.07.1974,China
Emma,Anderson,11.09.2000,France
Sophia,Smith,26.12.1979,UK
Sophia,Taylor,04.06.1982,Brazil
Sophia,Harris,15.03.1995,India
Isabella,Anderson,08.07.1966,USA
Sophia,White,25.10.1978,Canada
